{"cameraMode":{"drawMode":0,"name":"Shaded","section":"Shading Mode"},"sceneLighting":false,"audioPlay":false,"sceneViewState":{"m_AlwaysRefresh":false,"showFog":true,"showSkybox":false,"showFlares":true,"showImageEffects":true,"showParticleSystems":true,"showVisualEffectGraphs":true,"m_FxEnabled":true},"in2DMode":false,"pivot":{"x":0.6381606459617615,"y":2.6183650493621828,"z":0.0597122386097908},"rotation":{"x":-0.057258084416389468,"y":-0.7068971395492554,"z":0.057605888694524768,"w":-0.7026588916778565},"size":1.4001431465148926,"orthographic":false}