{"cameraMode":{"drawMode":0,"name":"Shaded","section":"Shading Mode"},"sceneLighting":false,"audioPlay":false,"sceneViewState":{"m_AlwaysRefresh":false,"showFog":true,"showSkybox":false,"showFlares":true,"showImageEffects":true,"showParticleSystems":true,"showVisualEffectGraphs":true,"m_FxEnabled":true},"in2DMode":false,"pivot":{"x":-0.6430837512016296,"y":2.168092727661133,"z":-0.7558233737945557},"rotation":{"x":0.2717388868331909,"y":0.28225117921829226,"z":-0.08372354507446289,"w":0.9162824153900147},"size":0.8660253882408142,"orthographic":false}